"studentId";"surname";"middlename";"firstname";"suffix";"gender";"civilStatus";"citizenship";"registrationStatus";"degree";"collegeId";"yearLevel";"block";"address";"contactNumber";"password"
202013283;"Santos";"Cruz";"Juan Miguel";"N/A";"Male";"Single";"Filipino";1;"Bachelor of Science in Computer Science";1;2;1;"123 Manila Street Binondo Manila";"9123871237623";"admin"
202013284;"Roney";"Bradbrook";"Nedi";"Jr";"Genderfluid";"Single";"Filipino";1;"Bachelor of Arts in Communication";2;2;1;"7990 Di Loreto Parkway";"4483150876";"NMsX24b0K"
202013285;"Thomerson";"Cattach";"Alvira";"IV";"Bigender";"Single";"Filipino";0;"Bachelor of Science in Accountancy";5;4;2;"71 American Center";"4734653111";"P2LZfXpi3"
202013286;"Leere";"McGlashan";"Kerwinn";"Sr";"Agender";"Single";"Filipino";1;"Bachelor of Science in Business Administration";5;1;1;"0223 Hoard Circle";"9959586891";"SveHR5k"
202013287;"Daniau";"Gudgeon";"Monah";"IV";"Non-binary";"Single";"Filipino";0;"Bachelor of Science in Nursing";4;2;1;"81161 Brickson Park Hill";"7632381815";"12345123"
202013288;"Shawcroft";"Tapin";"Kerri";"IV";"Non-binary";"Single";"Filipino";0;"Bachelor of Elementary Education";3;3;1;"414 Arapahoe Park";"4055465526";"KSainpY"
202013289;"Mathwen";"Gladtbach";"Dewey";"III";"Polygender";"Single";"Filipino";0;"Bachelor of Science in Mechanical Engineering";1;3;1;"0 Westerfield Court";"5794323288";"o5aZjV"
202013290;"Rowler";"Sharvill";"Emelina";"III";"Male";"Single";"Filipino";0;"Bachelor of Science in Architecture";6;2;1;"383 Reinke Court";"8986064437";"E44b3aH4g0"
202013291;"Kadar";"La Wille";"Mathilda";"Jr";"Non-binary";"Single";"Filipino";1;"Bachelor of Science in Architecture";6;4;1;"664 Sage Plaza";"2447863927";"oeA8nqT2AvB"
202013292;"Hadwen";"Cocksedge";"Nevin";"IV";"Genderfluid";"Single";"Filipino";0;"Bachelor of Science in Architecture";6;2;1;"1 Bunting Trail";"1108103173";"OTl8rNwonzY"
202013293;"Casellas";"Portal";"Scot";"Sr";"Male";"Single";"Filipino";0;"Bachelor of Secondary Education major in English";3;1;1;"9208 Morning Place";"9871327935";"Dt3MUQKCs"
202013294;"Walewski";"Feighry";"Karim";"II";"Polygender";"Single";"Filipino";0;"Bachelor of Elementary Education";3;2;1;"6 Linden Drive";"5337855374";"5rVWnveycs2"
202013295;"Syfax";"Leif";"Guenevere";"Jr";"Polygender";"Single";"Filipino";0;"Bachelor of Science in Architecture";6;3;1;"85304 Magdeline Plaza";"8649458621";"C2hEOI"
202013296;"Konneke";"Espinoza";"Annie";"Sr";"Polygender";"Single";"Filipino";1;"Bachelor of Science in Architecture";6;1;1;"338 Bluejay Avenue";"2714082181";"nVZpGX4vjf"
202013297;"Thys";"Trever";"Jodie";"III";"Genderqueer";"Single";"Filipino";0;"Bachelor of Secondary Education major in Sciences";3;2;1;"60 Portage Street";"4509338456";"c0NQ8YUhDZ"
202013298;"Klosa";"Umpleby";"Peirce";"II";"Genderqueer";"Single";"Filipino";0;"Bachelor of Science in Architecture";6;2;1;"1 Arrowood Point";"1179526329";"RNcmwX9rvFve"
202013299;"Stacey";"Bosher";"Benedetta";"Sr";"Male";"Single";"Filipino";0;"Bachelor of Secondary Education major in Sciences";3;2;1;"62998 Crescent Oaks Street";"6446759654";"RJhziU"
202013300;"Simoneschi";"Keast";"Kippar";"IV";"Non-binary";"Single";"Filipino";1;"Bachelor of Physical Education";3;1;1;"6968 Hermina Court";"2295982951";"HOhXnaiPBG"
202013301;"Lawler";"Bohlsen";"Flo";"II";"Genderfluid";"Single";"Filipino";0;"Bachelor of Science in Nursing";4;3;1;"94 Esker Drive";"1417028649";"VodXSXwt1J"
202013302;"O'Duggan";"Alishoner";"Philippe";"Sr";"Genderqueer";"Single";"Filipino";1;"Bachelor of Science in Business Administration";5;3;1;"78 Tony Trail";"3491087463";"tGKcJocyF"
202013303;"Caldecot";"Krolle";"Felix";"Sr";"Agender";"Single";"Filipino";1;"Bachelor of Secondary Education major in Social Studies";3;4;1;"39 Rusk Pass";"7867258884";"JhS24PHR"
202013304;"Jindrak";"Crosswaite";"Carree";"III";"Genderfluid";"Single";"Filipino";0;"Bachelor of Science in Nursing";4;4;1;"0 Kedzie Trail";"7129965145";"i8Ta8fwY9FqU"
202013305;"Larcombe";"Yakubowicz";"Francyne";"II";"Agender";"Single";"Filipino";0;"Bachelor of Arts in Communication Major in Public Relations";2;2;1;"251 Luster Trail";"3718874731";"YeHT0wU"
202013306;"Trowill";"Lawford";"Tomasina";"Jr";"Agender";"Single";"Filipino";0;"Bachelor of Arts in Communication";2;1;1;"5 Nancy Court";"9374375412";"J6fJfTTr4cZT"
202013307;"Boothroyd";"Degue";"Cecelia";"II";"Female";"Single";"Filipino";1;"Bachelor of Science in Accountancy";5;3;2;"4 Lien Hill";"3996071942";"OFgEhx5aWj"
202013308;"Sly";"Penas";"Rafaelia";"IV";"Non-binary";"Single";"Filipino";0;"Bachelor of Science in Nursing";4;1;1;"70640 Gina Alley";"1387011269";"swb9QrqyQcj"
202013309;"Thompsett";"Hutcheson";"Skell";"II";"Genderqueer";"Single";"Filipino";0;"Bachelor of Science in Nursing";4;4;1;"9081 Veith Park";"7337040856";"vgRkCO4f"
202013310;"Cushworth";"Mellings";"Joachim";"IV";"Non-binary";"Single";"Filipino";0;"Bachelor of Secondary Education major in Social Studies";3;4;1;"4 Reinke Circle";"1773611585";"J9R7utIjzr"
202013311;"Galsworthy";"Szymanski";"Hailey";"III";"Genderqueer";"Single";"Filipino";0;"Bachelor of Arts in Communication";2;2;1;"775 Grasskamp Drive";"5038192584";"aD50zMEzWzd"
202013312;"Faltin";"Gamlen";"Valenka";"Sr";"Female";"Single";"Filipino";1;"Bachelor of Science in Information Technology";1;2;1;"1 Mcguire Drive";"4739447677";"YEfbFty"
202013313;"Clarycott";"Dobrovolny";"Enoch";"II";"Non-binary";"Single";"Filipino";0;"Bachelor of Science in Electronics Engineering";1;1;1;"192 Grover Terrace";"4629958685";"rikfjIdQmAj"
202013314;"Burdett";"Shorland";"Flynn";"IV";"Agender";"Single";"Filipino";1;"Bachelor of Science in Architecture";6;2;1;"78107 Bluestem Avenue";"8071502224";"PBpO5mzywx"
202013315;"Brighouse";"Strewther";"Johnathon";"III";"Non-binary";"Single";"Filipino";1;"Bachelor of Science in Nursing";4;3;1;"472 Mesta Junction";"4887547027";"gIvVD62W"
202013316;"Gyurko";"Sore";"Marice";"IV";"Female";"Single";"Filipino";1;"Bachelor of Science in Entrepreneurship";5;2;1;"710 Schmedeman Court";"2924876064";"AhieuuC"
202013317;"Porson";"Darbon";"Dan";"II";"Male";"Single";"Filipino";0;"Bachelor of Science in Social Work";2;1;1;"76314 Springs Court";"2481107692";"g2za01pSFSH"
202013318;"Wedlock";"Butner";"Pris";"IV";"Bigender";"Single";"Filipino";1;"Bachelor of Science in Mechanical Engineering";1;1;1;"6654 Roxbury Road";"6572885231";"B0vgKU"
202013319;"Shackleford";"Parry";"Adlai";"III";"Genderqueer";"Single";"Filipino";1;"Bachelor of Science in Business Administration Major in Business Economics";5;2;1;"8425 Redwing Point";"9161199500";"zyTqxz81"
202013320;"Iskowitz";"Tamblyn";"Karyn";"Jr";"Male";"Single";"Filipino";1;"Bachelor of Science in Electronics Engineering";1;4;1;"0 Memorial Pass";"3827310616";"oCyyWSv"
202013321;"Poynton";"Grafton-Herbert";"Frans";"III";"Genderqueer";"Single";"Filipino";1;"Bachelor of Secondary Education major Mathematics";3;1;1;"30 Aberg Trail";"8655292091";"8t1qrJjsm0k"
202013322;"Tildesley";"Guiu";"Kinsley";"Sr";"Male";"Single";"Filipino";0;"Bachelor of Science in Electronics Engineering";1;2;1;"64271 John Wall Terrace";"4017200849";"d5UhFgwNEs"
202013323;"Anslow";"Stormonth";"Sammie";"IV";"Polygender";"Single";"Filipino";0;"Bachelor of Science in Nursing";4;4;1;"370 Menomonie Place";"8219373814";"Nv7nQwn"
202013324;"Hallums";"Janous";"Leigh";"IV";"Female";"Single";"Filipino";1;"Bachelor of Secondary Education major Mathematics";3;3;1;"64 Swallow Point";"4457333053";"S9zcMdW8i"
202013325;"Aaronsohn";"Boocock";"Merry";"II";"Non-binary";"Single";"Filipino";1;"Bachelor of Science in Architecture";6;4;1;"925 Hanover Center";"4945611771";"pXJV2OX"
202013326;"Furzer";"Ingraham";"Rainer";"IV";"Agender";"Single";"Filipino";1;"Bachelor of Secondary Education major Mathematics";3;3;1;"4 Pepper Wood Park";"1171296629";"rTOZDj4bFT"
202013327;"Darbyshire";"Milland";"Cornela";"II";"Agender";"Single";"Filipino";1;"Bachelor of Secondary Education major in Filipino";3;4;1;"7 Gateway Road";"4126236657";"pPyotpRDKSR"
202013328;"Klimentov";"Hunston";"Teresina";"III";"Bigender";"Single";"Filipino";1;"Bachelor of Arts in Communication Major in Public Relations";2;4;1;"0 International Place";"6439951492";"kmD4Gq0"
202013329;"Cruickshank";"Lehon";"Sula";"IV";"Male";"Single";"Filipino";0;"Bachelor of Science in Business Administration";5;3;1;"99 Mitchell Trail";"2461075872";"nvK6ZIBddkp"
202013330;"Durtnall";"Lisamore";"Vern";"II";"Female";"Single";"Filipino";1;"Bachelor of Science in Business Administration Major in Business Economics";5;4;1;"5 Golf Course Alley";"6251989840";"AMylAT7aOUO"
202013331;"Garretson";"Mendoza";"Sandra";"III";"Genderfluid";"Single";"Filipino";1;"Bachelor of Science in Entrepreneurship";5;1;1;"80 Menomonie Lane";"7899040957";"DedhkGoHPf"
202013332;"Conquer";"Lashmar";"Nolie";"Sr";"Male";"Single";"Filipino";1;"Bachelor of Elementary Education";3;4;1;"3214 Forest Run Alley";"8706029548";"o12NpPm"
202013333;"Izon";"Hutley";"Neala";"Sr";"Genderfluid";"Single";"Filipino";0;"Bachelor of Science in Electrical Engineering";1;3;1;"51 Canary Crossing";"4687400837";"eIjXM9pibv"
202013334;"Gile";"Oty";"Winifred";"III";"Bigender";"Single";"Filipino";1;"Bachelor of Science in Nursing";4;2;1;"0 Summer Ridge Avenue";"6431231847";"LKh0Cf02eWB"
202013335;"Glynn";"Emeny";"Weidar";"Jr";"Male";"Single";"Filipino";0;"Bachelor of Science in Architecture";6;3;1;"2485 Ramsey Hill";"2728288103";"up67W17j"
202013336;"Sertin";"Aubert";"Mill";"III";"Genderfluid";"Single";"Filipino";1;"Bachelor of Science in Information Technology";1;3;1;"5479 Cascade Center";"3488838062";"xdR1o9l2H5"
202013337;"Hubner";"Staddart";"Janeta";"II";"Polygender";"Single";"Filipino";0;"Bachelor of Science in Computer Science";1;3;1;"99512 Westerfield Center";"3228331261";"TsMRxJIC"
202013338;"Orht";"Addekin";"Bartholemy";"III";"Agender";"Single";"Filipino";0;"Bachelor of Secondary Education major in Filipino";3;1;1;"17 Merchant Center";"1294795992";"cPVAygBk"
202013339;"Speller";"Farington";"Dari";"Sr";"Bigender";"Single";"Filipino";0;"Bachelor of Science in Social Work";2;3;1;"469 Kinsman Road";"2687838417";"CjmQNY"
202013340;"Fumagall";"Jillett";"Georgeanna";"Jr";"Non-binary";"Single";"Filipino";1;"Bachelor of Science in Entrepreneurship";5;3;1;"1 Birchwood Circle";"4011569341";"4jI56TC6K"
202013341;"Cornew";"Philip";"Cicely";"Sr";"Bigender";"Single";"Filipino";1;"Bachelor of Secondary Education major in English";3;4;1;"17 Northland Court";"5962198215";"k5uTGqtsQp"
202013342;"Packwood";"Playford";"Marcelo";"IV";"Female";"Single";"Filipino";0;"Bachelor of Secondary Education major in Filipino";3;1;1;"96678 Rutledge Hill";"5082427255";"ONjQyPgp5D"
202013343;"Giffkins";"Arpe";"Aurelie";"II";"Agender";"Single";"Filipino";0;"Bachelor of Science in Information Technology";1;2;1;"72 Lerdahl Circle";"5158082696";"sdPxka"
202013344;"Janusik";"Sears";"Olive";"Jr";"Female";"Single";"Filipino";0;"Bachelor of Science in Information Technology";1;4;1;"0 Everett Parkway";"2803775336";"qmRlT7GD"
202013345;"Witten";"Rubinfeld";"Corrie";"IV";"Non-binary";"Single";"Filipino";1;"Bachelor of Arts in Public Relations";2;3;1;"89069 Clyde Gallagher Street";"3056665067";"2saDPdJv"
202013346;"De la Yglesia";"Chinnock";"Anetta";"III";"Genderfluid";"Single";"Filipino";1;"Bachelor of Science in Nursing";4;4;1;"908 Ryan Plaza";"1059143909";"FGRPht"
202013347;"Turbefield";"Stackbridge";"Hurlee";"IV";"Genderqueer";"Single";"Filipino";0;"Bachelor of Science in Entrepreneurship";5;4;1;"297 Lakewood Way";"8403077922";"JavEkTJj"
202013348;"Calf";"Adamczewski";"Bambie";"II";"Non-binary";"Single";"Filipino";0;"Bachelor of Science in Entrepreneurship";5;1;1;"79 Lien Pass";"9968542145";"ugQVTUB53rz5"
202013349;"Paulino";"Giorgielli";"Zacharie";"III";"Female";"Single";"Filipino";1;"Bachelor of Science in Architecture";6;2;1;"14 Mitchell Trail";"8839637164";"IROUlR0zGsO"
202013350;"Sherrett";"Chimes";"Corabelle";"III";"Polygender";"Single";"Filipino";0;"Bachelor of Science in Social Work";2;4;1;"130 Lawn Junction";"7224736889";"5ztQ3d81KD"
202013351;"Stonhouse";"Matthews";"Marna";"IV";"Genderfluid";"Single";"Filipino";0;"Bachelor of Science in Architecture";6;2;1;"905 Thackeray Avenue";"5174130553";"d6JjNoupF6N"
202013352;"Mechell";"Chartman";"Lyssa";"Jr";"Male";"Single";"Filipino";1;"Bachelor of Science in Nursing";4;2;1;"525 Kingsford Trail";"3358500823";"JMyUuH8"
202013353;"Simonnin";"Thornber";"Shellysheldon";"IV";"Bigender";"Single";"Filipino";1;"Bachelor of Science in Social Work";2;1;1;"78 1st Street";"9234287444";"KcKjo2"
202013354;"McDyer";"Playhill";"Tremain";"III";"Non-binary";"Single";"Filipino";0;"Bachelor of Science in Architecture";6;1;1;"33928 Spenser Alley";"7022682737";"5bvZQAANpAm6"
202013355;"Chad";"Keese";"Lynde";"Jr";"Genderfluid";"Single";"Filipino";1;"Bachelor of Science in Nursing";4;4;2;"56300 Union Pass";"9948033926";"YRdLn6LSzy"
202013356;"Rubenov";"Blacklawe";"Estel";"Jr";"Polygender";"Single";"Filipino";0;"Bachelor of Science in Architecture";6;4;1;"212 Homewood Way";"6035122989";"O8OCAhPcm"
202013357;"Rowbottom";"De Robertis";"Mose";"IV";"Genderfluid";"Single";"Filipino";0;"Bachelor of Science in Tourism Management";5;4;1;"8 Kedzie Lane";"7047247091";"SeVoOMX"
202013358;"Scarlet";"Wandrack";"Gibby";"IV";"Male";"Single";"Filipino";1;"Bachelor of Science in Nursing";4;3;2;"79441 Dahle Center";"3971099911";"7PSX1VQ"
202013359;"Tadlow";"Simmill";"Melba";"II";"Genderfluid";"Single";"Filipino";1;"Bachelor of Science in Architecture";6;1;1;"264 Boyd Drive";"3355662876";"sjFMdz2M"
202013360;"Bowra";"Sargeant";"Natty";"IV";"Agender";"Single";"Filipino";1;"Bachelor of Science in Nursing";4;4;2;"9544 Ludington Terrace";"1883091996";"hvSqj8q9"
202013361;"Harbin";"Smellie";"Erik";"IV";"Polygender";"Single";"Filipino";1;"Bachelor of Arts in Communication";2;1;1;"440 Pleasure Way";"6282433652";"sDRorvcr8"
202013362;"Blade";"Albon";"Lurette";"Sr";"Female";"Single";"Filipino";1;"Bachelor of Science in Tourism Management";5;2;1;"7 Northland Crossing";"7489917115";"nSzliaL3TI"
202013363;"Kimm";"Marioneau";"Leland";"Sr";"Non-binary";"Single";"Filipino";1;"Bachelor of Arts in Communication Major in Public Relations";2;1;1;"455 Linden Avenue";"2938513808";"sp7wIkP"
202013364;"Pawlik";"Stapley";"Arri";"III";"Bigender";"Single";"Filipino";1;"Bachelor of Science in Nursing";4;2;2;"39223 John Wall Road";"5681452340";"t4gSqE"
202013365;"Badger";"Kytter";"Flory";"III";"Bigender";"Single";"Filipino";0;"Bachelor of Science in Architecture";6;4;1;"54 Ridgeview Parkway";"8456623591";"dF9nPNUt"
202013366;"Coughan";"Lomansey";"Janene";"IV";"Genderqueer";"Single";"Filipino";0;"Bachelor of Arts in Public Relations";2;3;1;"9222 Susan Junction";"3233292351";"3G1OUVfG9U"
202013367;"Lelliott";"Fridaye";"Devora";"II";"Polygender";"Single";"Filipino";1;"Bachelor of Arts in Communication Major in Public Relations";2;1;1;"30 Katie Plaza";"4527048776";"tnat8Fj"
202013368;"Klimecki";"Saull";"Mikaela";"II";"Agender";"Single";"Filipino";1;"Bachelor of Science in Nursing";4;3;2;"07802 Thackeray Terrace";"1547518439";"WFmYmy2ayqe"
202013369;"Frankes";"Rocca";"Leigh";"II";"Polygender";"Single";"Filipino";0;"Bachelor of Science in Architecture";6;2;1;"3 Dorton Parkway";"4006621282";"Twi36Fx13Jq"
202013370;"Orme";"Stutard";"Hercule";"Jr";"Genderfluid";"Single";"Filipino";1;"Bachelor of Science in Architecture";6;2;1;"16 Linden Parkway";"1105612766";"3zmbov"
202013371;"Brayn";"Godbehere";"Nichols";"II";"Bigender";"Single";"Filipino";1;"Bachelor of Science in Accountancy";5;4;2;"2 Hagan Avenue";"8131723191";"NFvmuymw"
202013372;"Cayette";"Leverette";"Roselle";"Sr";"Male";"Single";"Filipino";1;"Bachelor of Arts in Communication";2;4;1;"71 Morning Pass";"4139660546";"aRuDbD6eWa"
202013373;"Blakeley";"Arber";"Hugo";"Jr";"Agender";"Single";"Filipino";0;"Bachelor of Science in Nursing";4;1;2;"62625 Stuart Street";"6827793777";"xArG5SFWsJzQ"
202013374;"Sibray";"Camplin";"Yard";"IV";"Genderfluid";"Single";"Filipino";0;"Bachelor of Science in Mechanical Engineering";1;2;1;"1 Iowa Drive";"3976076232";"6ixNGtn4jvfm"
202013375;"Sinfield";"Kleinmann";"Nowell";"Sr";"Agender";"Single";"Filipino";0;"Bachelor of Science in Architecture";6;2;1;"4 Springs Crossing";"2202640215";"SpdGwfE4XOq"
202013376;"Cannings";"Cayford";"Fawn";"Jr";"Agender";"Single";"Filipino";0;"Bachelor of Science in Architecture";6;2;1;"8616 Susan Way";"7119706805";"jrJG40sR9f"
202013377;"Pennells";"Vannoort";"Elliot";"Sr";"Agender";"Single";"Filipino";1;"Bachelor of Science in Nursing";4;1;2;"01 Montana Court";"9895866844";"X9Eh9k1"
202013378;"Tyson";"Autrie";"Archer";"Jr";"Bigender";"Single";"Filipino";0;"Bachelor of Arts in Communication";2;3;1;"66605 Green Center";"5942620591";"Zcrr67G"
202013379;"Bertolin";"Vasyukhnov";"Dayna";"Sr";"Agender";"Single";"Filipino";1;"Bachelor of Science in Tourism Management";5;4;1;"21908 Hazelcrest Way";"8517688462";"8N365mOcqK9i"
202013380;"Hook";"Luby";"Alfy";"IV";"Genderqueer";"Single";"Filipino";0;"Bachelor of Science in Tourism Management";5;2;1;"606 Rusk Avenue";"2504368357";"Yo4uYZML"
202014310;"Youson";"Easun";"Norby";"III";"Polygender";"Single";"Filipino";0;"Bachelor of Science in Business Administration";5;3;1;"4 Washington Place";"3731970864";"LUZJP3K"
202014320;"Packer";"Imesen";"Tessa";"IV";"Female";"Single";"Filipino";0;"Bachelor of Science in Architecture";6;4;1;"86999 American Plaza";"2345895305";"51KFon006"
